Item,Price
2x Bike Trailer Hitch Linker Connector Coupler Clutch Moped Bicycle,"₦ 30,562"
Baby Bicycle Bike TrailerStroller Coupler Hitch Connector Sturdy,"₦ 2,382"
Universal Bicycle Bike Trailer Coupler Attachment Hitch Steel Linker,"₦ 4,527"
Tow Rope Bike Stretch Pull Strap Bungee Cord Stretches Up To 9.84 Red,"₦ 11,247"
Bike Tow Rope MTB Strong Bicycle Pull Strap With Loops Towing Blue,"₦ 16,140"
Cycling Trailer Hitch Linker Bike Connector Coupler Clutch Bicycle,"₦ 31,921"
Bicycle Tow Rope Strong Towing Stretch Pull Strap With Loops Red,"₦ 10,865"
2.5m Bike Tow Rope Cycling Bicycle Pull Strap For Pulling Child Black,"₦ 12,041"
Bicycle Trailer Coupler / Hitch Connector Sturdy Pet Child Cargo,"₦ 5,731"
Tow Rope Stretch Pull Strap Pull Attachment With Loops Bungee Black,"₦ 12,198"
2.5m Bike Bungee Tow Rope MTB Cycling Bicycle Strap For Pulling Green,"₦ 9,768"
Bike Trailer Hitch Coupler Bicycle Pets Child Kids Trailers Hitch,"₦ 5,329"
Bike Tow Rope  Strong  Pull Strap With Loops Towing Green,"₦ 10,617"
Bike Bungee Tow Rope For Kids MTB Elastic Bicycle Stretch Strap Black,"₦ 10,213"
Tow Rope  Bike Stretch Pull Strap Pull Behind,"₦ 12,695"
Tow Rope Strong Bike Stretch Pull Strap Pull Behind Blue,"₦ 12,105"
2.5m Bike Bungee Tow Rope Strong Bicycle Pull Strap For Pulling Black,"₦ 10,114"
2.5m Bike Tow Rope Cycling Bicycle Pull Strap For Pulling Child Blue,"₦ 16,569"
2.5m Bike Tow Rope Bicycle Strap Towing Strap For Pulling Child's Red,"₦ 12,834"
Tow Rope For Bicycle Strong Bike Towing Strap With Loops Stretch Green,"₦ 15,897"
Bike Bungee Tow Rope Strong Bicycle Strap With Loops Pull Behind Red,"₦ 13,284"
Stretchable Tow Rope Stretch Pull Strap For Pulling Child's Bike Red,"₦ 4,299"
Bike Trailer Coupler Hitch Sturdy Bicycle Trailers Mount Connector,"₦ 6,463"
2.5m Bike Tow Rope For Kids MTB Bicycle Pull Strap With Loops Red,"₦ 11,629"
2.5m Bike Bungee Tow Rope MTB Cycling Bicycle Strap For Pulling Red,"₦ 9,768"
Bicycle Tow Rope Bike Stretch Pull Strap With Loops Bungee Cord Black,"₦ 12,198"
Tow Rope Bike Stretch Pull Strap Bungee Cord Stretches Up To 9 Black,"₦ 10,914"
Bike Tow Rope Cycling Strong Bicycle Stretch Strap Pull Behind Black,"₦ 16,140"
Tow Rope Strong Towing Stretch Pull Strap Pull Behind Attachment Black,"₦ 13,236"
2.5m Bike Tow Rope Cycling Bicycle Pull Strap For Pulling Child's Red,"₦ 16,280"
Tow Rope Strong Towing Stretch Pull Strap Pull Behind Attachment Blue,"₦ 13,650"
Bike Bungee Tow Rope Strong Bicycle Strap With Loops Pull Behind Blue,"₦ 13,340"
Plus XZS XZ3 For Smart 10 Accessory For Fundas 5 Flip Cover Mirror Xperia XZ Sony 1 Luxury Xperia XZ4 Xperia XZ5 On Case Coque,"₦ 15,941"
Bike Tow Rope    Pull Strap With Loops Towing Green,"₦ 17,037"
2.5m Bike Tow Rope Bicycle Stretch Pull Strap For Pulling Child Black,"₦ 14,874"
Universal  Bike Trailer Coupler Attachment Hitch Linker,"₦ 6,069"
